outcome,term,OR,LCL,UCL
Python,(Intercept),50.962335885147255,0.23596193525666412,11006.689176563772
Python,prog.comf,1.1006165964981527,0.41374446537836707,2.9277899618050442
Python,updv.mid,0.7474595902409685,0.465996792468156,1.1989263618834356
Python,rsrch_labYes,0.3511767138198472,0.057404521372844255,2.1483514082158512
No preference,(Intercept),251.999787356809,0.4070077046774078,156026.26706590204
No preference,prog.comf,0.8931722584963573,0.2481982625952232,3.214191247778852
No preference,updv.mid,0.5934825518869826,0.35603465132275997,0.9892900538913607
No preference,rsrch_labYes,0.27903789577794624,0.03203851197550153,2.4302672776975975
