outcome,term,OR,LCL,UCL
Python,(Intercept),50.962335885147255,0.23596193525667333,11006.689176563343
Python,prog.comf,1.1006165964981527,0.41374446537836956,2.9277899618050265
Python,updv.mid,0.7474595902409685,0.46599679246815634,1.1989263618834347
Python,rsrch_labYes,0.3511767138198472,0.05740452137284433,2.148351408215849
No preference,(Intercept),251.999787356809,0.4070077046774172,156026.26706589817
No preference,prog.comf,0.8931722584963573,0.24819826259522398,3.214191247778842
No preference,updv.mid,0.5934825518869826,0.35603465132276,0.9892900538913605
No preference,rsrch_labYes,0.27903789577794624,0.03203851197550159,2.430267277697594
