cs_bin,n,mean_prog_comf,mean_math_comf,mean_stat_comf
0,5,3.8,4,4.2
1,30,3.7,4.133333333333334,4.033333333333333
2+,16,4.1875,3.875,4
